directness-train-f1,directness-dev-f1
0.9471488178025035,0.94716618635927
0.9478190443133172,0.946360153256705
0.9478190443133172,0.946360153256705
0.9478190443133172,0.946360153256705
