directness-train-f1,directness-dev-f1
0.7048032826454261,0.8204225352112676
0.7048032826454261,0.8204225352112676
0.6895414054767403,0.6494845360824743
0.7048032826454261,0.8204225352112676
