embeds,test_lang,h_dim,cross_stitch_init,constraint_weight,sigma,sentiment-train-micro-f1,sentiment-dev-micro-f1,sentiment-test-micro-f1,sentiment-train-macro-f1,sentiment-dev-macro-f1,sentiment-test-macro-f1
babylon,all,200,imbalanced,0.1,0.2,0.39850016612084105,0.45710003746721617,0.44270250093318403,0.17256505264362496,0.18429970089621991,0.18120364621720098
babylon,ar,200,imbalanced,0.1,0.2,0.39850016612084105,0.45710003746721617,0.02293577981651376,0.17256505264362496,0.18429970089621991,0.00533128923084271
babylon,en,200,imbalanced,0.1,0.2,0.39850016612084105,0.45710003746721617,0.5413966882649388,0.17256505264362496,0.18429970089621991,0.03345041103835703
babylon,fr,200,imbalanced,0.1,0.2,0.39850016612084105,0.45710003746721617,0.4964871194379391,0.17256505264362496,0.18429970089621991,0.029993293687815878
